category,value
A,66.0
B,66.83333333333333
C,72.83333333333333
